-- SSIS v3 Database Backup
-- Created: 2025-12-12 16:11:33

-- Colleges
INSERT INTO college (code, name) VALUES ('CAF', 'College of Agriculture and Forestry');
INSERT INTO college (code, name) VALUES ('CAS', 'College of Arts and Sciences');
INSERT INTO college (code, name) VALUES ('CBA', 'College of Business Administration');
INSERT INTO college (code, name) VALUES ('CCS', 'College of Computer Studies');
INSERT INTO college (code, name) VALUES ('CITC', 'College of Information Technology and Computing');
INSERT INTO college (code, name) VALUES ('CLAL', 'College of Law and Liberal Arts');
INSERT INTO college (code, name) VALUES ('CME', 'College of Marine Engineering');
INSERT INTO college (code, name) VALUES ('CNHS', 'College of Nursing and Health Sciences');
INSERT INTO college (code, name) VALUES ('COE', 'College of Engineering');
INSERT INTO college (code, name) VALUES ('COED', 'College of Education');

-- Programs
INSERT INTO program (code, name, collegecode) VALUES ('ABCOM', 'Bachelor of Arts in Comms', 'CLAL');
INSERT INTO program (code, name, collegecode) VALUES ('ABPS', 'Bachelor of Arts in Psychology', 'CAS');
INSERT INTO program (code, name, collegecode) VALUES ('BEED', 'Bachelor of Elementary Education', 'COED');
INSERT INTO program (code, name, collegecode) VALUES ('BPED', 'Bachelor of Physical Education', 'COED');
INSERT INTO program (code, name, collegecode) VALUES ('BSAC', 'Bachelor of Science in Accountancy', 'CBA');
INSERT INTO program (code, name, collegecode) VALUES ('BSAG', 'Bachelor of Science in Agriculture', 'CAF');
INSERT INTO program (code, name, collegecode) VALUES ('BSBA', 'Bachelor of Science in Business Administration', 'CBA');
INSERT INTO program (code, name, collegecode) VALUES ('BSBIO', 'Bachelor of Science in Biology', 'CAS');
INSERT INTO program (code, name, collegecode) VALUES ('BSCE', 'Bachelor of Science in Civil Engineering', 'COE');
INSERT INTO program (code, name, collegecode) VALUES ('BSCPE', 'Bachelor of Science in Computer Engineering', 'CITC');
INSERT INTO program (code, name, collegecode) VALUES ('BSCS', 'Bachelor of Science in Computer Science', 'CCS');
INSERT INTO program (code, name, collegecode) VALUES ('BSDA', 'Bachelor of Science in Data Analytics', 'CITC');
INSERT INTO program (code, name, collegecode) VALUES ('BSDS', 'Bachelor of Science in Data Science', 'CITC');
INSERT INTO program (code, name, collegecode) VALUES ('BSED', 'Bachelor of Secondary Education', 'COED');
INSERT INTO program (code, name, collegecode) VALUES ('BSEE', 'Bachelor of Science in Electrical Engineering', 'COE');
INSERT INTO program (code, name, collegecode) VALUES ('BSFOR', 'Bachelor of Science in Forestry', 'CAF');
INSERT INTO program (code, name, collegecode) VALUES ('BSHRM', 'Bachelor of Science in Hotel and Restaurant Management', 'CBA');
INSERT INTO program (code, name, collegecode) VALUES ('BSIE', 'Bachelor of Science in Industrial Engineering', 'COE');
INSERT INTO program (code, name, collegecode) VALUES ('BSIS', 'Bachelor of Science in Information Systems', 'CCS');
INSERT INTO program (code, name, collegecode) VALUES ('BSIT', 'Bachelor of Science in Information Technology', 'CCS');
INSERT INTO program (code, name, collegecode) VALUES ('BSMA', 'Bachelor of Science in Management Accounting', 'CBA');
INSERT INTO program (code, name, collegecode) VALUES ('BSMarE', 'Bachelor of Science in Marine Engineering', 'CME');
INSERT INTO program (code, name, collegecode) VALUES ('BSMATH', 'Bachelor of Science in Mathematics', 'CAS');
INSERT INTO program (code, name, collegecode) VALUES ('BSME', 'Bachelor of Science in Mechanical Engineering', 'COE');
INSERT INTO program (code, name, collegecode) VALUES ('BSMT', 'Bachelor of Science in Medical Technology', 'CNHS');
INSERT INTO program (code, name, collegecode) VALUES ('BSMT-MAR', 'Bachelor of Science in Marine Transportation', 'CME');
INSERT INTO program (code, name, collegecode) VALUES ('BSN', 'Bachelor of Science in Nursing', 'CNHS');
INSERT INTO program (code, name, collegecode) VALUES ('BSPHY', 'Bachelor of Science in Physics', 'CAS');
INSERT INTO program (code, name, collegecode) VALUES ('LLB', 'Bachelor of Laws', 'CLAL');

-- Students
INSERT INTO student (id, firstname, lastname, year, gender, coursecode, profile_pic) VALUES ('2021-0001', 'Nancy', 'Lopez-Binay', 'BSAG', '5th Year', 'Male', '');
INSERT INTO student (id, firstname, lastname, year, gender, coursecode, profile_pic) VALUES ('2021-0002', 'Amanda', 'Miller', 'BSIT', '1st Year', 'Female', '');
INSERT INTO student (id, firstname, lastname, year, gender, coursecode, profile_pic) VALUES ('2021-0003', 'Aaron', 'Rivera', 'BPED', '2nd Year', 'Female', '');
INSERT INTO student (id, firstname, lastname, year, gender, coursecode, profile_pic) VALUES ('2021-0004', 'Stephanie', 'Torres', 'BSAC', '4th Year', 'Male', '');
INSERT INTO student (id, firstname, lastname, year, gender, coursecode, profile_pic) VALUES ('2021-0005', 'Sharon', 'Rivera', 'BSIT', '1st Year', 'Male', '');
INSERT INTO student (id, firstname, lastname, year, gender, coursecode, profile_pic) VALUES ('2021-0006', 'Charles', 'Walker', 'BSMATH', '4th Year', 'Male', '');
INSERT INTO student (id, firstname, lastname, year, gender, coursecode, profile_pic) VALUES ('2021-0007', 'Betty', 'Lee', 'ABCOM', '2nd Year', 'Female', '');
INSERT INTO student (id, firstname, lastname, year, gender, coursecode, profile_pic) VALUES ('2021-0008', 'Debra', 'Sanchez', 'BSAC', '2nd Year', 'Female', '');
INSERT INTO student (id, firstname, lastname, year, gender, coursecode, profile_pic) VALUES ('2021-0009', 'Benjamin', 'Kelly', 'BSMT', '1st Year', 'Male', '');
INSERT INTO student (id, firstname, lastname, year, gender, coursecode, profile_pic) VALUES ('2021-0010', 'Gregory', 'Roberts', 'BSIE', '2nd Year', 'Male', '');
INSERT INTO student (id, firstname, lastname, year, gender, coursecode, profile_pic) VALUES ('2021-0011', 'Nicholas', 'Perez', 'BSBA', '1st Year', 'Female', 'http://res.cloudinary.com/dmed8jwoe/image/upload/v1765522557/fdtdtvoe7y7io3q6dr3z.png');
INSERT INTO student (id, firstname, lastname, year, gender, coursecode, profile_pic) VALUES ('2021-0012', 'Nancy', 'Morgan', 'BEED', '1st Year', 'Female', '');
INSERT INTO student (id, firstname, lastname, year, gender, coursecode, profile_pic) VALUES ('2021-0013', 'Ashley', 'Flores', 'BSDS', '1st Year', 'Male', '');
INSERT INTO student (id, firstname, lastname, year, gender, coursecode, profile_pic) VALUES ('2021-0014', 'Charles', 'Flores', 'BPED', '5th Year', 'Female', '');
INSERT INTO student (id, firstname, lastname, year, gender, coursecode, profile_pic) VALUES ('2021-0015', 'Anna', 'Phillips', 'BSAG', '3rd Year', 'Male', '');
INSERT INTO student (id, firstname, lastname, year, gender, coursecode, profile_pic) VALUES ('2021-0016', 'Daniel', 'Jackson', 'BEED', '5th Year', 'Male', '');
INSERT INTO student (id, firstname, lastname, year, gender, coursecode, profile_pic) VALUES ('2021-0017', 'Margaret', 'Morris', 'BSIS', '1st Year', 'Male', '');
INSERT INTO student (id, firstname, lastname, year, gender, coursecode, profile_pic) VALUES ('2021-0018', 'Patrick', 'Martin', 'BEED', '5th Year', 'Male', '');
INSERT INTO student (id, firstname, lastname, year, gender, coursecode, profile_pic) VALUES ('2021-0019', 'Catherine', 'Lopez', 'BSMA', '2nd Year', 'Male', '');
INSERT INTO student (id, firstname, lastname, year, gender, coursecode, profile_pic) VALUES ('2021-0020', 'Helen', 'Miller', 'BEED', '1st Year', 'Female', '');
INSERT INTO student (id, firstname, lastname, year, gender, coursecode, profile_pic) VALUES ('2021-0021', 'Matthew', 'Turner', 'BSFOR', '4th Year', 'Male', '');
INSERT INTO student (id, firstname, lastname, year, gender, coursecode, profile_pic) VALUES ('2021-0022', 'Maria', 'Evans', 'BSFOR', '2nd Year', 'Female', '');
INSERT INTO student (id, firstname, lastname, year, gender, coursecode, profile_pic) VALUES ('2021-0023', 'Joseph', 'Sanchez', 'BSED', '3rd Year', 'Male', '');
INSERT INTO student (id, firstname, lastname, year, gender, coursecode, profile_pic) VALUES ('2021-0024', 'Christopher', 'Cooper', 'BSAG', '4th Year', 'Male', '');
INSERT INTO student (id, firstname, lastname, year, gender, coursecode, profile_pic) VALUES ('2021-0025', 'Pamela', 'Edwards', 'BSBA', '3rd Year', 'Male', '');
INSERT INTO student (id, firstname, lastname, year, gender, coursecode, profile_pic) VALUES ('2021-0026', 'James', 'White', 'BSMT', '2nd Year', 'Male', '');
INSERT INTO student (id, firstname, lastname, year, gender, coursecode, profile_pic) VALUES ('2021-0027', 'Stephanie', 'Wright', 'BSMA', '3rd Year', 'Male', '');
INSERT INTO student (id, firstname, lastname, year, gender, coursecode, profile_pic) VALUES ('2021-0028', 'Scott', 'Evans', 'BSHRM', '2nd Year', 'Male', '');
INSERT INTO student (id, firstname, lastname, year, gender, coursecode, profile_pic) VALUES ('2021-0029', 'Jason', 'Rivera', 'ABPS', '1st Year', 'Male', '');
INSERT INTO student (id, firstname, lastname, year, gender, coursecode, profile_pic) VALUES ('2021-0030', 'Raymond', 'Turner', 'BSMT', '2nd Year', 'Female', '');
INSERT INTO student (id, firstname, lastname, year, gender, coursecode, profile_pic) VALUES ('2021-0031', 'Joseph', 'Sanchez', 'BSAG', '1st Year', 'Male', '');
INSERT INTO student (id, firstname, lastname, year, gender, coursecode, profile_pic) VALUES ('2021-0032', 'Scott', 'Rogers', 'LLB', '4th Year', 'Male', '');
INSERT INTO student (id, firstname, lastname, year, gender, coursecode, profile_pic) VALUES ('2021-0033', 'Betty', 'Morgan', 'BSMT', '2nd Year', 'Male', '');
INSERT INTO student (id, firstname, lastname, year, gender, coursecode, profile_pic) VALUES ('2021-0034', 'Ashley', 'Evans', 'ABPS', '5th Year', 'Male', '');
INSERT INTO student (id, firstname, lastname, year, gender, coursecode, profile_pic) VALUES ('2021-0035', 'Nicholas', 'Clark', 'ABCOM', '5th Year', 'Female', '');
INSERT INTO student (id, firstname, lastname, year, gender, coursecode, profile_pic) VALUES ('2021-0036', 'Paul', 'Lopez', 'BSMT-MAR', '3rd Year', 'Male', '');
INSERT INTO student (id, firstname, lastname, year, gender, coursecode, profile_pic) VALUES ('2021-0037', 'Deborah', 'Ward', 'BSHRM', '4th Year', 'Male', '');
INSERT INTO student (id, firstname, lastname, year, gender, coursecode, profile_pic) VALUES ('2021-0038', 'Amy', 'Nelson', 'BSMT', '4th Year', 'Female', '');
INSERT INTO student (id, firstname, lastname, year, gender, coursecode, profile_pic) VALUES ('2021-0039', 'Brian', 'Morris', 'BSCPE', '5th Year', 'Female', '');
INSERT INTO student (id, firstname, lastname, year, gender, coursecode, profile_pic) VALUES ('2021-0040', 'Kimberly', 'Edwards', 'BSMA', '1st Year', 'Female', '');
INSERT INTO student (id, firstname, lastname, year, gender, coursecode, profile_pic) VALUES ('2021-0041', 'Anna', 'Adams', 'ABPS', '5th Year', 'Female', '');
INSERT INTO student (id, firstname, lastname, year, gender, coursecode, profile_pic) VALUES ('2021-0042', 'Cynthia', 'Williams', 'BSMT-MAR', '2nd Year', 'Male', '');
INSERT INTO student (id, firstname, lastname, year, gender, coursecode, profile_pic) VALUES ('2021-0043', 'Aaron', 'Torres', 'BSCPE', '4th Year', 'Male', '');
INSERT INTO student (id, firstname, lastname, year, gender, coursecode, profile_pic) VALUES ('2021-0044', 'Nancy', 'Peterson', 'BSBIO', '2nd Year', 'Female', '');
INSERT INTO student (id, firstname, lastname, year, gender, coursecode, profile_pic) VALUES ('2021-0045', 'Amanda', 'Anderson', 'BSIE', '1st Year', 'Female', '');
INSERT INTO student (id, firstname, lastname, year, gender, coursecode, profile_pic) VALUES ('2021-0046', 'Karen', 'Martinez', 'BSDS', '4th Year', 'Male', '');
INSERT INTO student (id, firstname, lastname, year, gender, coursecode, profile_pic) VALUES ('2021-0047', 'Donald', 'Wilson', 'BSCE', '1st Year', 'Male', '');
INSERT INTO student (id, firstname, lastname, year, gender, coursecode, profile_pic) VALUES ('2021-0048', 'Margaret', 'Evans', 'BSIE', '1st Year', 'Male', '');
INSERT INTO student (id, firstname, lastname, year, gender, coursecode, profile_pic) VALUES ('2021-0049', 'Charles', 'Diaz', 'BSN', '5th Year', 'Female', '');
INSERT INTO student (id, firstname, lastname, year, gender, coursecode, profile_pic) VALUES ('2021-0050', 'Sandra', 'Lewis', 'BPED', '1st Year', 'Male', '');
INSERT INTO student (id, firstname, lastname, year, gender, coursecode, profile_pic) VALUES ('2022-0001', 'Dennis', 'Cooper', 'BSCE', '3rd Year', 'Female', '');
INSERT INTO student (id, firstname, lastname, year, gender, coursecode, profile_pic) VALUES ('2022-0002', 'Margaret', 'Morris', 'BSMATH', '4th Year', 'Female', '');
INSERT INTO student (id, firstname, lastname, year, gender, coursecode, profile_pic) VALUES ('2022-0003', 'Scott', 'Hill', 'BSDA', '5th Year', 'Male', '');
INSERT INTO student (id, firstname, lastname, year, gender, coursecode, profile_pic) VALUES ('2022-0004', 'Aaron', 'Edwards', 'BSCPE', '1st Year', 'Male', '');
INSERT INTO student (id, firstname, lastname, year, gender, coursecode, profile_pic) VALUES ('2022-0005', 'George', 'Cox', 'LLB', '3rd Year', 'Female', '');
INSERT INTO student (id, firstname, lastname, year, gender, coursecode, profile_pic) VALUES ('2022-0006', 'Emily', 'Reyes', 'BSCPE', '3rd Year', 'Male', '');
INSERT INTO student (id, firstname, lastname, year, gender, coursecode, profile_pic) VALUES ('2022-0007', 'Joseph', 'Torres', 'BSAG', '3rd Year', 'Male', '');
INSERT INTO student (id, firstname, lastname, year, gender, coursecode, profile_pic) VALUES ('2022-0008', 'Samuel', 'Brown', 'BSBA', '3rd Year', 'Female', '');
INSERT INTO student (id, firstname, lastname, year, gender, coursecode, profile_pic) VALUES ('2022-0009', 'Cynthia', 'Hernandez', 'BSPHY', '5th Year', 'Female', '');
INSERT INTO student (id, firstname, lastname, year, gender, coursecode, profile_pic) VALUES ('2022-0010', 'Nancy', 'Ramirez', 'BSAG', '1st Year', 'Female', '');
INSERT INTO student (id, firstname, lastname, year, gender, coursecode, profile_pic) VALUES ('2022-0011', 'Emily', 'Reyes', 'BSIE', '3rd Year', 'Female', '');
INSERT INTO student (id, firstname, lastname, year, gender, coursecode, profile_pic) VALUES ('2022-0012', 'Raymond', 'Rodriguez', 'BSAC', '3rd Year', 'Male', '');
INSERT INTO student (id, firstname, lastname, year, gender, coursecode, profile_pic) VALUES ('2022-0013', 'Ronald', 'Miller', 'BSME', '5th Year', 'Male', '');
INSERT INTO student (id, firstname, lastname, year, gender, coursecode, profile_pic) VALUES ('2022-0014', 'Laura', 'Ramirez', 'BSIS', '1st Year', 'Female', '');
INSERT INTO student (id, firstname, lastname, year, gender, coursecode, profile_pic) VALUES ('2022-0015', 'Stephanie', 'Sanchez', 'BSFOR', '2nd Year', 'Male', '');
INSERT INTO student (id, firstname, lastname, year, gender, coursecode, profile_pic) VALUES ('2022-0016', 'Timothy', 'Murphy', 'BPED', '3rd Year', 'Male', '');
INSERT INTO student (id, firstname, lastname, year, gender, coursecode, profile_pic) VALUES ('2022-0017', 'Thomas', 'Walker', 'BSIS', '4th Year', 'Female', '');
INSERT INTO student (id, firstname, lastname, year, gender, coursecode, profile_pic) VALUES ('2022-0018', 'Elizabeth', 'Young', 'BSCE', '1st Year', 'Female', '');
INSERT INTO student (id, firstname, lastname, year, gender, coursecode, profile_pic) VALUES ('2022-0019', 'Christine', 'Harris', 'BSMA', '4th Year', 'Female', '');
INSERT INTO student (id, firstname, lastname, year, gender, coursecode, profile_pic) VALUES ('2022-0020', 'Matthew', 'Lee', 'BSAC', '4th Year', 'Female', '');
INSERT INTO student (id, firstname, lastname, year, gender, coursecode, profile_pic) VALUES ('2022-0021', 'Andrew', 'Ramirez', 'BPED', '1st Year', 'Female', '');
INSERT INTO student (id, firstname, lastname, year, gender, coursecode, profile_pic) VALUES ('2022-0022', 'Carolyn', 'Hernandez', 'BSIT', '1st Year', 'Male', '');
INSERT INTO student (id, firstname, lastname, year, gender, coursecode, profile_pic) VALUES ('2022-0023', 'Sarah', 'Roberts', 'BSCPE', '1st Year', 'Female', '');
INSERT INTO student (id, firstname, lastname, year, gender, coursecode, profile_pic) VALUES ('2022-0024', 'Jerry', 'Murphy', 'BSAC', '5th Year', 'Male', '');
INSERT INTO student (id, firstname, lastname, year, gender, coursecode, profile_pic) VALUES ('2022-0025', 'Kathleen', 'White', 'LLB', '4th Year', 'Male', '');
INSERT INTO student (id, firstname, lastname, year, gender, coursecode, profile_pic) VALUES ('2022-0026', 'Emily', 'Adams', 'BSCS', '1st Year', 'Female', '');
INSERT INTO student (id, firstname, lastname, year, gender, coursecode, profile_pic) VALUES ('2022-0027', 'Betty', 'Nelson', 'ABCOM', '2nd Year', 'Female', '');
INSERT INTO student (id, firstname, lastname, year, gender, coursecode, profile_pic) VALUES ('2022-0028', 'Aaron', 'Ortiz', 'BSIS', '4th Year', 'Male', '');
INSERT INTO student (id, firstname, lastname, year, gender, coursecode, profile_pic) VALUES ('2022-0029', 'Benjamin', 'Hernandez', 'BSCPE', '3rd Year', 'Female', '');
INSERT INTO student (id, firstname, lastname, year, gender, coursecode, profile_pic) VALUES ('2022-0030', 'Ryan', 'Jones', 'BSPHY', '4th Year', 'Female', '');
INSERT INTO student (id, firstname, lastname, year, gender, coursecode, profile_pic) VALUES ('2022-0031', 'Patrick', 'Bailey', 'BSEE', '3rd Year', 'Female', '');
INSERT INTO student (id, firstname, lastname, year, gender, coursecode, profile_pic) VALUES ('2022-0032', 'Frank', 'Rogers', 'BSBA', '4th Year', 'Male', '');
INSERT INTO student (id, firstname, lastname, year, gender, coursecode, profile_pic) VALUES ('2022-0033', 'Katherine', 'Hill', 'BSAG', '2nd Year', 'Male', '');
INSERT INTO student (id, firstname, lastname, year, gender, coursecode, profile_pic) VALUES ('2022-0034', 'Angela', 'Morris', 'BSBIO', '3rd Year', 'Female', '');
INSERT INTO student (id, firstname, lastname, year, gender, coursecode, profile_pic) VALUES ('2022-0035', 'Richard', 'Wright', 'BSHRM', '2nd Year', 'Male', '');
INSERT INTO student (id, firstname, lastname, year, gender, coursecode, profile_pic) VALUES ('2022-0036', 'Nicholas', 'Jackson', 'BEED', '4th Year', 'Male', '');
INSERT INTO student (id, firstname, lastname, year, gender, coursecode, profile_pic) VALUES ('2022-0037', 'Edward', 'Adams', 'BSBIO', '1st Year', 'Female', '');
INSERT INTO student (id, firstname, lastname, year, gender, coursecode, profile_pic) VALUES ('2022-0038', 'Katherine', 'Phillips', 'BSED', '2nd Year', 'Female', '');
INSERT INTO student (id, firstname, lastname, year, gender, coursecode, profile_pic) VALUES ('2022-0039', 'Steven', 'Lopez', 'BSMT-MAR', '1st Year', 'Male', '');
INSERT INTO student (id, firstname, lastname, year, gender, coursecode, profile_pic) VALUES ('2022-0040', 'Edward', 'Moore', 'BSMATH', '3rd Year', 'Female', '');
INSERT INTO student (id, firstname, lastname, year, gender, coursecode, profile_pic) VALUES ('2022-0041', 'Jack', 'Morgan', 'BSIT', '1st Year', 'Female', '');
INSERT INTO student (id, firstname, lastname, year, gender, coursecode, profile_pic) VALUES ('2022-0042', 'Diane', 'Gonzalez', 'BSEE', '5th Year', 'Female', '');
INSERT INTO student (id, firstname, lastname, year, gender, coursecode, profile_pic) VALUES ('2022-0043', 'Timothy', 'Campbell', 'BSBA', '1st Year', 'Male', '');
INSERT INTO student (id, firstname, lastname, year, gender, coursecode, profile_pic) VALUES ('2022-0044', 'Larry', 'Hernandez', 'BSMT-MAR', '4th Year', 'Female', '');
INSERT INTO student (id, firstname, lastname, year, gender, coursecode, profile_pic) VALUES ('2022-0045', 'Tyler', 'Turner', 'BSMA', '3rd Year', 'Female', '');
INSERT INTO student (id, firstname, lastname, year, gender, coursecode, profile_pic) VALUES ('2022-0046', 'Lisa', 'Roberts', 'ABCOM', '1st Year', 'Female', '');
INSERT INTO student (id, firstname, lastname, year, gender, coursecode, profile_pic) VALUES ('2022-0047', 'Dorothy', 'White', 'BSN', '2nd Year', 'Male', '');
INSERT INTO student (id, firstname, lastname, year, gender, coursecode, profile_pic) VALUES ('2022-0048', 'Robert', 'Peterson', 'BSIE', '4th Year', 'Female', '');
INSERT INTO student (id, firstname, lastname, year, gender, coursecode, profile_pic) VALUES ('2022-0049', 'Raymond', 'Rogers', 'BSMT-MAR', '3rd Year', 'Female', '');
INSERT INTO student (id, firstname, lastname, year, gender, coursecode, profile_pic) VALUES ('2022-0050', 'Carol', 'Mitchell', 'BSIE', '4th Year', 'Female', '');
INSERT INTO student (id, firstname, lastname, year, gender, coursecode, profile_pic) VALUES ('2022-0051', 'Mark', 'Campbell', 'LLB', '4th Year', 'Female', '');
INSERT INTO student (id, firstname, lastname, year, gender, coursecode, profile_pic) VALUES ('2022-0052', 'Christine', 'Cook', 'BSIE', '4th Year', 'Female', '');
INSERT INTO student (id, firstname, lastname, year, gender, coursecode, profile_pic) VALUES ('2022-0053', 'Raymond', 'Anderson', 'LLB', '4th Year', 'Male', '');
INSERT INTO student (id, firstname, lastname, year, gender, coursecode, profile_pic) VALUES ('2022-0054', 'Amanda', 'Garcia', 'BSCE', '1st Year', 'Male', '');
INSERT INTO student (id, firstname, lastname, year, gender, coursecode, profile_pic) VALUES ('2022-0055', 'Jack', 'Stewart', 'BEED', '5th Year', 'Male', '');
INSERT INTO student (id, firstname, lastname, year, gender, coursecode, profile_pic) VALUES ('2022-0056', 'Donald', 'Morales', 'BSED', '3rd Year', 'Female', '');
INSERT INTO student (id, firstname, lastname, year, gender, coursecode, profile_pic) VALUES ('2022-0057', 'Emma', 'Stewart', 'BSDA', '3rd Year', 'Male', '');
INSERT INTO student (id, firstname, lastname, year, gender, coursecode, profile_pic) VALUES ('2022-0058', 'Paul', 'Reed', 'BSME', '2nd Year', 'Male', '');
INSERT INTO student (id, firstname, lastname, year, gender, coursecode, profile_pic) VALUES ('2022-0059', 'Daniel', 'Gonzalez', 'ABCOM', '3rd Year', 'Male', '');
INSERT INTO student (id, firstname, lastname, year, gender, coursecode, profile_pic) VALUES ('2022-0060', 'Ryan', 'Kelly', 'BSCPE', '2nd Year', 'Male', '');
INSERT INTO student (id, firstname, lastname, year, gender, coursecode, profile_pic) VALUES ('2022-0061', 'Jessica', 'Thompson', 'BSEE', '1st Year', 'Female', '');
INSERT INTO student (id, firstname, lastname, year, gender, coursecode, profile_pic) VALUES ('2022-0062', 'Betty', 'Cook', 'BSIT', '1st Year', 'Male', '');
INSERT INTO student (id, firstname, lastname, year, gender, coursecode, profile_pic) VALUES ('2022-0063', 'Gregoryous', 'Allenous', 'BEED', '5th Year', 'Female', '');
INSERT INTO student (id, firstname, lastname, year, gender, coursecode, profile_pic) VALUES ('2022-0064', 'Mark', 'Morales', 'BSIS', '1st Year', 'Female', '');
INSERT INTO student (id, firstname, lastname, year, gender, coursecode, profile_pic) VALUES ('2022-0065', 'Christine', 'Walker', 'BEED', '2nd Year', 'Male', '');
INSERT INTO student (id, firstname, lastname, year, gender, coursecode, profile_pic) VALUES ('2022-0066', 'John', 'Wright', 'BSIS', '1st Year', 'Female', '');
INSERT INTO student (id, firstname, lastname, year, gender, coursecode, profile_pic) VALUES ('2022-0067', 'Mary', 'Reyes', 'BSMA', '5th Year', 'Male', '');
INSERT INTO student (id, firstname, lastname, year, gender, coursecode, profile_pic) VALUES ('2022-0068', 'Helen', 'Kelly', 'BSCPE', '2nd Year', 'Female', '');
INSERT INTO student (id, firstname, lastname, year, gender, coursecode, profile_pic) VALUES ('2022-0069', 'Amy', 'Diaz', 'BSME', '3rd Year', 'Male', '');
INSERT INTO student (id, firstname, lastname, year, gender, coursecode, profile_pic) VALUES ('2022-0070', 'Matthew', 'Williams', 'ABCOM', '5th Year', 'Female', '');
INSERT INTO student (id, firstname, lastname, year, gender, coursecode, profile_pic) VALUES ('2023-0001', 'Sandra', 'Adams', 'BSCE', '5th Year', 'Female', '');
INSERT INTO student (id, firstname, lastname, year, gender, coursecode, profile_pic) VALUES ('2023-0002', 'Sandra', 'Martinez', 'BSME', '4th Year', 'Female', '');
INSERT INTO student (id, firstname, lastname, year, gender, coursecode, profile_pic) VALUES ('2023-0003', 'Nancy', 'King', 'BSED', '2nd Year', 'Female', '');
INSERT INTO student (id, firstname, lastname, year, gender, coursecode, profile_pic) VALUES ('2023-0004', 'Steven', 'Hernandez', 'BSAC', '4th Year', 'Male', '');
INSERT INTO student (id, firstname, lastname, year, gender, coursecode, profile_pic) VALUES ('2023-0005', 'Brandon', 'Jackson', 'BSPHY', '4th Year', 'Female', '');
INSERT INTO student (id, firstname, lastname, year, gender, coursecode, profile_pic) VALUES ('2023-0006', 'Michael', 'Gutierrez', 'BSFOR', '1st Year', 'Male', '');
INSERT INTO student (id, firstname, lastname, year, gender, coursecode, profile_pic) VALUES ('2023-0007', 'Elizabeth', 'Morales', 'BSIE', '1st Year', 'Female', '');
INSERT INTO student (id, firstname, lastname, year, gender, coursecode, profile_pic) VALUES ('2023-0008', 'Steven', 'Morris', 'BSIS', '2nd Year', 'Female', '');
INSERT INTO student (id, firstname, lastname, year, gender, coursecode, profile_pic) VALUES ('2023-0009', 'Ryan', 'Young', 'BSFOR', '2nd Year', 'Female', '');
INSERT INTO student (id, firstname, lastname, year, gender, coursecode, profile_pic) VALUES ('2023-0010', 'Patricia', 'Rivera', 'BSAC', '1st Year', 'Female', '');
INSERT INTO student (id, firstname, lastname, year, gender, coursecode, profile_pic) VALUES ('2023-0011', 'Margaret', 'Martin', 'BSHRM', '3rd Year', 'Male', '');
INSERT INTO student (id, firstname, lastname, year, gender, coursecode, profile_pic) VALUES ('2023-0012', 'Betty', 'Campbell', 'BSED', '4th Year', 'Female', '');
INSERT INTO student (id, firstname, lastname, year, gender, coursecode, profile_pic) VALUES ('2023-0013', 'Brian', 'Cruz', 'BEED', '4th Year', 'Female', '');
INSERT INTO student (id, firstname, lastname, year, gender, coursecode, profile_pic) VALUES ('2023-0014', 'Timothy', 'Baker', 'BSIS', '5th Year', 'Female', '');
INSERT INTO student (id, firstname, lastname, year, gender, coursecode, profile_pic) VALUES ('2023-0015', 'Janet', 'Mitchell', 'BSMATH', '3rd Year', 'Female', '');
INSERT INTO student (id, firstname, lastname, year, gender, coursecode, profile_pic) VALUES ('2023-0016', 'Stephen', 'Reyes', 'ABCOM', '1st Year', 'Male', '');
INSERT INTO student (id, firstname, lastname, year, gender, coursecode, profile_pic) VALUES ('2023-0017', 'Nicholas', 'Smith', 'BSMarE', '3rd Year', 'Female', '');
INSERT INTO student (id, firstname, lastname, year, gender, coursecode, profile_pic) VALUES ('2023-0018', 'Sandra', 'Torres', 'ABPS', '3rd Year', 'Female', '');
INSERT INTO student (id, firstname, lastname, year, gender, coursecode, profile_pic) VALUES ('2023-0019', 'Christopher', 'Lee', 'BPED', '5th Year', 'Male', '');
INSERT INTO student (id, firstname, lastname, year, gender, coursecode, profile_pic) VALUES ('2023-0020', 'Dorothy', 'Martin', 'LLB', '5th Year', 'Female', '');
INSERT INTO student (id, firstname, lastname, year, gender, coursecode, profile_pic) VALUES ('2023-0021', 'Rachel', 'Cooper', 'BSFOR', '5th Year', 'Female', '');
INSERT INTO student (id, firstname, lastname, year, gender, coursecode, profile_pic) VALUES ('2023-0022', 'Jonathan', 'Ortiz', 'BSIS', '3rd Year', 'Female', '');
INSERT INTO student (id, firstname, lastname, year, gender, coursecode, profile_pic) VALUES ('2023-0023', 'Jeffrey', 'Jones', 'BSPHY', '2nd Year', 'Male', '');
INSERT INTO student (id, firstname, lastname, year, gender, coursecode, profile_pic) VALUES ('2023-0024', 'Robert', 'Wilson', 'BSMT-MAR', '2nd Year', 'Female', '');
INSERT INTO student (id, firstname, lastname, year, gender, coursecode, profile_pic) VALUES ('2023-0025', 'Anna', 'Mitchell', 'BSBIO', '3rd Year', 'Female', '');
INSERT INTO student (id, firstname, lastname, year, gender, coursecode, profile_pic) VALUES ('2023-0026', 'Donald', 'Miller', 'BSBA', '5th Year', 'Male', '');
INSERT INTO student (id, firstname, lastname, year, gender, coursecode, profile_pic) VALUES ('2023-0027', 'Shirley', 'Richardson', 'BSDS', '3rd Year', 'Female', '');
INSERT INTO student (id, firstname, lastname, year, gender, coursecode, profile_pic) VALUES ('2023-0028', 'Catherine', 'Reed', 'ABPS', '5th Year', 'Female', '');
INSERT INTO student (id, firstname, lastname, year, gender, coursecode, profile_pic) VALUES ('2023-0029', 'Samuel', 'Wilson', 'BPED', '3rd Year', 'Male', '');
INSERT INTO student (id, firstname, lastname, year, gender, coursecode, profile_pic) VALUES ('2023-0030', 'Michael', 'Sanchez', 'BSMT-MAR', '4th Year', 'Male', '');
INSERT INTO student (id, firstname, lastname, year, gender, coursecode, profile_pic) VALUES ('2023-0031', 'Pamela', 'Thomas', 'BSMATH', '2nd Year', 'Female', '');
INSERT INTO student (id, firstname, lastname, year, gender, coursecode, profile_pic) VALUES ('2023-0032', 'Samantha', 'Walker', 'BSIS', '4th Year', 'Female', '');
INSERT INTO student (id, firstname, lastname, year, gender, coursecode, profile_pic) VALUES ('2023-0033', 'Susan', 'Gonzalez', 'BSFOR', '1st Year', 'Female', '');
INSERT INTO student (id, firstname, lastname, year, gender, coursecode, profile_pic) VALUES ('2023-0034', 'Amy', 'Morgan', 'BSMATH', '3rd Year', 'Female', '');
INSERT INTO student (id, firstname, lastname, year, gender, coursecode, profile_pic) VALUES ('2023-0035', 'Melissa', 'Thompson', 'BSHRM', '4th Year', 'Male', '');
INSERT INTO student (id, firstname, lastname, year, gender, coursecode, profile_pic) VALUES ('2023-0036', 'Michelle', 'Howard', 'BSCPE', '3rd Year', 'Female', '');
INSERT INTO student (id, firstname, lastname, year, gender, coursecode, profile_pic) VALUES ('2023-0037', 'Melissa', 'Richardson', 'BSEE', '3rd Year', 'Female', '');
INSERT INTO student (id, firstname, lastname, year, gender, coursecode, profile_pic) VALUES ('2023-0038', 'Christine', 'Gomez', 'BSCS', '1st Year', 'Female', '');
INSERT INTO student (id, firstname, lastname, year, gender, coursecode, profile_pic) VALUES ('2023-0039', 'Christopher', 'Stewart', 'BSIE', '5th Year', 'Male', '');
INSERT INTO student (id, firstname, lastname, year, gender, coursecode, profile_pic) VALUES ('2023-0040', 'Donald', 'Hall', 'BSIS', '5th Year', 'Female', '');
INSERT INTO student (id, firstname, lastname, year, gender, coursecode, profile_pic) VALUES ('2023-0041', 'Margaret', 'Martin', 'BSIE', '2nd Year', 'Male', '');
INSERT INTO student (id, firstname, lastname, year, gender, coursecode, profile_pic) VALUES ('2023-0042', 'Paul', 'Taylor', 'BSED', '4th Year', 'Male', '');
INSERT INTO student (id, firstname, lastname, year, gender, coursecode, profile_pic) VALUES ('2023-0043', 'Thomas', 'Miller', 'BSBA', '3rd Year', 'Female', '');
INSERT INTO student (id, firstname, lastname, year, gender, coursecode, profile_pic) VALUES ('2023-0044', 'David', 'Cruz', 'BSEE', '1st Year', 'Male', '');
INSERT INTO student (id, firstname, lastname, year, gender, coursecode, profile_pic) VALUES ('2023-0045', 'Thomas', 'Edwards', 'BSPHY', '3rd Year', 'Male', '');
INSERT INTO student (id, firstname, lastname, year, gender, coursecode, profile_pic) VALUES ('2023-0046', 'Michelle', 'Jackson', 'BSCE', '3rd Year', 'Female', '');
INSERT INTO student (id, firstname, lastname, year, gender, coursecode, profile_pic) VALUES ('2023-0047', 'Michael', 'Stewart', 'ABCOM', '4th Year', 'Male', '');
INSERT INTO student (id, firstname, lastname, year, gender, coursecode, profile_pic) VALUES ('2023-0048', 'Melissa', 'Kim', 'BSIT', '2nd Year', 'Female', '');
INSERT INTO student (id, firstname, lastname, year, gender, coursecode, profile_pic) VALUES ('2023-0049', 'Nicole', 'Ramirez', 'BSN', '3rd Year', 'Male', '');
INSERT INTO student (id, firstname, lastname, year, gender, coursecode, profile_pic) VALUES ('2023-0050', 'Jerry', 'Walker', 'BSCS', '3rd Year', 'Male', '');
INSERT INTO student (id, firstname, lastname, year, gender, coursecode, profile_pic) VALUES ('2023-0051', 'Catherine', 'Ramirez', 'BSCE', '2nd Year', 'Female', '');
INSERT INTO student (id, firstname, lastname, year, gender, coursecode, profile_pic) VALUES ('2023-0052', 'Nicholas', 'Kelly', 'BSAC', '3rd Year', 'Female', '');
INSERT INTO student (id, firstname, lastname, year, gender, coursecode, profile_pic) VALUES ('2023-0053', 'Edward', 'Martin', 'BSEE', '2nd Year', 'Female', '');
INSERT INTO student (id, firstname, lastname, year, gender, coursecode, profile_pic) VALUES ('2023-0054', 'Susan', 'Smith', 'BSCS', '1st Year', 'Male', '');
INSERT INTO student (id, firstname, lastname, year, gender, coursecode, profile_pic) VALUES ('2023-0055', 'Susan', 'Garcia', 'ABPS', '3rd Year', 'Female', '');
INSERT INTO student (id, firstname, lastname, year, gender, coursecode, profile_pic) VALUES ('2023-0056', 'Anthony', 'Jackson', 'BSDS', '2nd Year', 'Female', '');
INSERT INTO student (id, firstname, lastname, year, gender, coursecode, profile_pic) VALUES ('2023-0057', 'Gary', 'Kelly', 'LLB', '2nd Year', 'Male', '');
INSERT INTO student (id, firstname, lastname, year, gender, coursecode, profile_pic) VALUES ('2023-0058', 'Jerry', 'Rogers', 'ABPS', '5th Year', 'Female', '');
INSERT INTO student (id, firstname, lastname, year, gender, coursecode, profile_pic) VALUES ('2023-0059', 'Joshua', 'Davis', 'BSMATH', '1st Year', 'Male', '');
INSERT INTO student (id, firstname, lastname, year, gender, coursecode, profile_pic) VALUES ('2023-0060', 'Anthony', 'Gomez', 'BSMATH', '5th Year', 'Female', '');
INSERT INTO student (id, firstname, lastname, year, gender, coursecode, profile_pic) VALUES ('2023-0061', 'Ronald', 'Jones', 'BSMT-MAR', '5th Year', 'Female', '');
INSERT INTO student (id, firstname, lastname, year, gender, coursecode, profile_pic) VALUES ('2023-0062', 'Brenda', 'Phillips', 'BSED', '5th Year', 'Male', '');
INSERT INTO student (id, firstname, lastname, year, gender, coursecode, profile_pic) VALUES ('2023-0063', 'Timothy', 'Nguyen', 'BSMT', '4th Year', 'Female', '');
INSERT INTO student (id, firstname, lastname, year, gender, coursecode, profile_pic) VALUES ('2023-0064', 'Margaret', 'Ramos', 'ABCOM', '3rd Year', 'Male', '');
INSERT INTO student (id, firstname, lastname, year, gender, coursecode, profile_pic) VALUES ('2023-0065', 'Sarah', 'Turner', 'BSEE', '2nd Year', 'Female', '');
INSERT INTO student (id, firstname, lastname, year, gender, coursecode, profile_pic) VALUES ('2023-0066', 'Margaret', 'White', 'BSIE', '1st Year', 'Female', '');
INSERT INTO student (id, firstname, lastname, year, gender, coursecode, profile_pic) VALUES ('2023-0067', 'Jack', 'Martinez', 'BSDA', '2nd Year', 'Male', '');
INSERT INTO student (id, firstname, lastname, year, gender, coursecode, profile_pic) VALUES ('2023-0068', 'Thomas', 'Brown', 'BSBIO', '4th Year', 'Male', '');
INSERT INTO student (id, firstname, lastname, year, gender, coursecode, profile_pic) VALUES ('2023-0069', 'Tyler', 'Robinson', 'BSCPE', '2nd Year', 'Female', '');
INSERT INTO student (id, firstname, lastname, year, gender, coursecode, profile_pic) VALUES ('2023-0070', 'Mary', 'Williams', 'BSAG', '3rd Year', 'Male', '');
INSERT INTO student (id, firstname, lastname, year, gender, coursecode, profile_pic) VALUES ('2023-0071', 'Jeffrey', 'Morales', 'BSHRM', '4th Year', 'Male', '');
INSERT INTO student (id, firstname, lastname, year, gender, coursecode, profile_pic) VALUES ('2023-0072', 'Nancy', 'King', 'BSME', '1st Year', 'Female', '');
INSERT INTO student (id, firstname, lastname, year, gender, coursecode, profile_pic) VALUES ('2023-0073', 'Robert', 'Cruz', 'LLB', '5th Year', 'Male', '');
INSERT INTO student (id, firstname, lastname, year, gender, coursecode, profile_pic) VALUES ('2023-0074', 'Kimberly', 'Nguyen', 'BSAC', '1st Year', 'Male', '');
INSERT INTO student (id, firstname, lastname, year, gender, coursecode, profile_pic) VALUES ('2023-0075', 'Margaret', 'Bailey', 'BSCS', '2nd Year', 'Female', '');
INSERT INTO student (id, firstname, lastname, year, gender, coursecode, profile_pic) VALUES ('2023-0076', 'James', 'Baker', 'BSCPE', '2nd Year', 'Male', '');
INSERT INTO student (id, firstname, lastname, year, gender, coursecode, profile_pic) VALUES ('2023-0077', 'Donald', 'Flores', 'BSMA', '5th Year', 'Male', '');
INSERT INTO student (id, firstname, lastname, year, gender, coursecode, profile_pic) VALUES ('2023-0078', 'Brandon', 'Wright', 'BEED', '4th Year', 'Male', '');
INSERT INTO student (id, firstname, lastname, year, gender, coursecode, profile_pic) VALUES ('2023-0079', 'Amanda', 'Reed', 'BSIE', '3rd Year', 'Male', '');
INSERT INTO student (id, firstname, lastname, year, gender, coursecode, profile_pic) VALUES ('2023-0080', 'Mary', 'Baker', 'LLB', '4th Year', 'Male', '');
INSERT INTO student (id, firstname, lastname, year, gender, coursecode, profile_pic) VALUES ('2024-0001', 'Charles', 'Adams', 'BSN', '5th Year', 'Male', '');
INSERT INTO student (id, firstname, lastname, year, gender, coursecode, profile_pic) VALUES ('2024-0002', 'Gregory', 'Rivera', 'BSN', '2nd Year', 'Female', '');
INSERT INTO student (id, firstname, lastname, year, gender, coursecode, profile_pic) VALUES ('2024-0003', 'Pamela', 'Ward', 'BSCPE', '5th Year', 'Male', '');
INSERT INTO student (id, firstname, lastname, year, gender, coursecode, profile_pic) VALUES ('2024-0004', 'Steven', 'Bailey', 'BSN', '3rd Year', 'Male', '');
INSERT INTO student (id, firstname, lastname, year, gender, coursecode, profile_pic) VALUES ('2024-0005', 'Patrick', 'Carter', 'BSEE', '1st Year', 'Female', '');
INSERT INTO student (id, firstname, lastname, year, gender, coursecode, profile_pic) VALUES ('2024-0006', 'Joshua', 'Campbell', 'BSMT', '1st Year', 'Male', '');
INSERT INTO student (id, firstname, lastname, year, gender, coursecode, profile_pic) VALUES ('2024-0007', 'Ashley', 'Nelson', 'BSCS', '3rd Year', 'Male', '');
INSERT INTO student (id, firstname, lastname, year, gender, coursecode, profile_pic) VALUES ('2024-0008', 'Samuel', 'Reed', 'BSMT', '2nd Year', 'Female', '');
INSERT INTO student (id, firstname, lastname, year, gender, coursecode, profile_pic) VALUES ('2024-0009', 'Benjamin', 'Perez', 'BSMT', '5th Year', 'Female', '');
INSERT INTO student (id, firstname, lastname, year, gender, coursecode, profile_pic) VALUES ('2024-0010', 'Carol', 'Taylor', 'BSMT-MAR', '3rd Year', 'Female', '');
INSERT INTO student (id, firstname, lastname, year, gender, coursecode, profile_pic) VALUES ('2024-0011', 'Kenneth', 'Moore', 'BSED', '5th Year', 'Female', '');
INSERT INTO student (id, firstname, lastname, year, gender, coursecode, profile_pic) VALUES ('2024-0012', 'Ryan', 'Baker', 'ABCOM', '1st Year', 'Male', '');
INSERT INTO student (id, firstname, lastname, year, gender, coursecode, profile_pic) VALUES ('2024-0013', 'Brenda', 'Clark', 'BSBIO', '5th Year', 'Male', '');
INSERT INTO student (id, firstname, lastname, year, gender, coursecode, profile_pic) VALUES ('2024-0014', 'Rebecca', 'King', 'BSMT', '2nd Year', 'Male', '');
INSERT INTO student (id, firstname, lastname, year, gender, coursecode, profile_pic) VALUES ('2024-0015', 'Kimberly', 'Hall', 'BSDA', '3rd Year', 'Female', '');
INSERT INTO student (id, firstname, lastname, year, gender, coursecode, profile_pic) VALUES ('2024-0016', 'Katherine', 'Williams', 'BSCS', '3rd Year', 'Female', '');
INSERT INTO student (id, firstname, lastname, year, gender, coursecode, profile_pic) VALUES ('2024-0017', 'Jeffrey', 'Williams', 'BSAG', '3rd Year', 'Male', '');
INSERT INTO student (id, firstname, lastname, year, gender, coursecode, profile_pic) VALUES ('2024-0018', 'Jonathan', 'Collins', 'BSMarE', '5th Year', 'Male', '');
INSERT INTO student (id, firstname, lastname, year, gender, coursecode, profile_pic) VALUES ('2024-0019', 'William', 'Murphy', 'BSBA', '1st Year', 'Male', '');
INSERT INTO student (id, firstname, lastname, year, gender, coursecode, profile_pic) VALUES ('2024-0020', 'Gregory', 'Murphy', 'BSMATH', '2nd Year', 'Male', '');
INSERT INTO student (id, firstname, lastname, year, gender, coursecode, profile_pic) VALUES ('2024-0021', 'Gregory', 'Campbell', 'BSIS', '1st Year', 'Male', '');
INSERT INTO student (id, firstname, lastname, year, gender, coursecode, profile_pic) VALUES ('2024-0022', 'Tyler', 'Wilson', 'BSMT', '3rd Year', 'Male', '');
INSERT INTO student (id, firstname, lastname, year, gender, coursecode, profile_pic) VALUES ('2024-0023', 'Matthew', 'Hall', 'BSCS', '4th Year', 'Male', '');
INSERT INTO student (id, firstname, lastname, year, gender, coursecode, profile_pic) VALUES ('2024-0024', 'Nicole', 'Walker', 'BSBIO', '1st Year', 'Female', '');
INSERT INTO student (id, firstname, lastname, year, gender, coursecode, profile_pic) VALUES ('2024-0025', 'Patricia', 'Johnson', 'BSAG', '2nd Year', 'Female', '');
INSERT INTO student (id, firstname, lastname, year, gender, coursecode, profile_pic) VALUES ('2024-0026', 'Laura', 'Mitchell', 'ABPS', '4th Year', 'Female', '');
INSERT INTO student (id, firstname, lastname, year, gender, coursecode, profile_pic) VALUES ('2024-0027', 'Katherine', 'Brown', 'BSMA', '1st Year', 'Male', '');
INSERT INTO student (id, firstname, lastname, year, gender, coursecode, profile_pic) VALUES ('2024-0028', 'Donna', 'Scott', 'ABPS', '1st Year', 'Female', '');
INSERT INTO student (id, firstname, lastname, year, gender, coursecode, profile_pic) VALUES ('2024-0029', 'Christine', 'Harris', 'BSAC', '1st Year', 'Male', '');
INSERT INTO student (id, firstname, lastname, year, gender, coursecode, profile_pic) VALUES ('2024-0030', 'Alexander', 'Hill', 'LLB', '2nd Year', 'Female', '');
INSERT INTO student (id, firstname, lastname, year, gender, coursecode, profile_pic) VALUES ('2024-0031', 'Andrew', 'Anderson', 'BSHRM', '1st Year', 'Male', '');
INSERT INTO student (id, firstname, lastname, year, gender, coursecode, profile_pic) VALUES ('2024-0032', 'Elizabeth', 'Rodriguez', 'BSEE', '5th Year', 'Female', '');
INSERT INTO student (id, firstname, lastname, year, gender, coursecode, profile_pic) VALUES ('2024-0033', 'Nicole', 'Scott', 'BSMA', '5th Year', 'Male', '');
INSERT INTO student (id, firstname, lastname, year, gender, coursecode, profile_pic) VALUES ('2024-0034', 'James', 'Rogers', 'BSBA', '1st Year', 'Female', '');
INSERT INTO student (id, firstname, lastname, year, gender, coursecode, profile_pic) VALUES ('2024-0035', 'Benjamin', 'Rogers', 'BSMT-MAR', '1st Year', 'Male', '');
INSERT INTO student (id, firstname, lastname, year, gender, coursecode, profile_pic) VALUES ('2024-0036', 'Joseph', 'Anderson', 'BSDA', '4th Year', 'Male', '');
INSERT INTO student (id, firstname, lastname, year, gender, coursecode, profile_pic) VALUES ('2024-0037', 'Jennifer', 'Cooper', 'BSME', '5th Year', 'Female', '');
INSERT INTO student (id, firstname, lastname, year, gender, coursecode, profile_pic) VALUES ('2024-0038', 'Susan', 'Walker', 'BEED', '1st Year', 'Female', '');
INSERT INTO student (id, firstname, lastname, year, gender, coursecode, profile_pic) VALUES ('2024-0039', 'Timothy', 'Garcia', 'BSEE', '4th Year', 'Female', '');
INSERT INTO student (id, firstname, lastname, year, gender, coursecode, profile_pic) VALUES ('2024-0040', 'Michael', 'Lee', 'BSBIO', '2nd Year', 'Male', '');
INSERT INTO student (id, firstname, lastname, year, gender, coursecode, profile_pic) VALUES ('2024-0041', 'Benjamin', 'Torres', 'BSDS', '5th Year', 'Female', '');
INSERT INTO student (id, firstname, lastname, year, gender, coursecode, profile_pic) VALUES ('2024-0042', 'Brandon', 'Roberts', 'BSCS', '3rd Year', 'Male', '');
INSERT INTO student (id, firstname, lastname, year, gender, coursecode, profile_pic) VALUES ('2024-0043', 'Stephen', 'King', 'BSCS', '4th Year', 'Male', '');
INSERT INTO student (id, firstname, lastname, year, gender, coursecode, profile_pic) VALUES ('2024-0044', 'Janet', 'Anderson', 'BPED', '2nd Year', 'Female', '');
INSERT INTO student (id, firstname, lastname, year, gender, coursecode, profile_pic) VALUES ('2024-0045', 'Richard', 'Cook', 'BSMATH', '2nd Year', 'Male', '');
INSERT INTO student (id, firstname, lastname, year, gender, coursecode, profile_pic) VALUES ('2024-0046', 'Andrew', 'Clark', 'BSEE', '3rd Year', 'Male', '');
INSERT INTO student (id, firstname, lastname, year, gender, coursecode, profile_pic) VALUES ('2024-0047', 'Jerry', 'Torres', 'BEED', '4th Year', 'Female', '');
INSERT INTO student (id, firstname, lastname, year, gender, coursecode, profile_pic) VALUES ('2024-0048', 'Robert', 'Nelson', 'BEED', '3rd Year', 'Male', '');
INSERT INTO student (id, firstname, lastname, year, gender, coursecode, profile_pic) VALUES ('2024-0049', 'Michelle', 'Cooper', 'BSAC', '2nd Year', 'Female', '');
INSERT INTO student (id, firstname, lastname, year, gender, coursecode, profile_pic) VALUES ('2024-0050', 'Melissa', 'Stewart', 'BSHRM', '3rd Year', 'Female', '');
INSERT INTO student (id, firstname, lastname, year, gender, coursecode, profile_pic) VALUES ('2024-0051', 'Angela', 'Harris', 'BSAG', '5th Year', 'Female', '');
INSERT INTO student (id, firstname, lastname, year, gender, coursecode, profile_pic) VALUES ('2024-0052', 'Stephen', 'Johnson', 'BSBA', '4th Year', 'Male', '');
INSERT INTO student (id, firstname, lastname, year, gender, coursecode, profile_pic) VALUES ('2024-0053', 'Kenneth', 'Stewart', 'ABPS', '3rd Year', 'Female', '');
INSERT INTO student (id, firstname, lastname, year, gender, coursecode, profile_pic) VALUES ('2024-0054', 'Catherine', 'Hill', 'BSFOR', '1st Year', 'Male', '');
INSERT INTO student (id, firstname, lastname, year, gender, coursecode, profile_pic) VALUES ('2024-0055', 'Nicole', 'Thomas', 'BSAG', '1st Year', 'Male', '');
INSERT INTO student (id, firstname, lastname, year, gender, coursecode, profile_pic) VALUES ('2024-0056', 'Tyler', 'Allen', 'BSDS', '1st Year', 'Male', '');
INSERT INTO student (id, firstname, lastname, year, gender, coursecode, profile_pic) VALUES ('2024-0057', 'Catherine', 'Lewis', 'BSDS', '4th Year', 'Female', '');
INSERT INTO student (id, firstname, lastname, year, gender, coursecode, profile_pic) VALUES ('2024-0058', 'Maria', 'Johnson', 'BSCE', '1st Year', 'Male', '');
INSERT INTO student (id, firstname, lastname, year, gender, coursecode, profile_pic) VALUES ('2024-0059', 'Ashley', 'Torres', 'BSIE', '2nd Year', 'Female', '');
INSERT INTO student (id, firstname, lastname, year, gender, coursecode, profile_pic) VALUES ('2024-0060', 'Paul', 'Jones', 'BSAC', '5th Year', 'Male', '');
INSERT INTO student (id, firstname, lastname, year, gender, coursecode, profile_pic) VALUES ('2024-0061', 'Catherine', 'Brown', 'BSDA', '5th Year', 'Male', '');
INSERT INTO student (id, firstname, lastname, year, gender, coursecode, profile_pic) VALUES ('2024-0062', 'Richard', 'Ramirez', 'BSAC', '2nd Year', 'Female', '');
INSERT INTO student (id, firstname, lastname, year, gender, coursecode, profile_pic) VALUES ('2024-0063', 'Sharon', 'Cox', 'ABCOM', '5th Year', 'Male', '');
INSERT INTO student (id, firstname, lastname, year, gender, coursecode, profile_pic) VALUES ('2024-0064', 'Mark', 'Carter', 'BSME', '3rd Year', 'Male', '');
INSERT INTO student (id, firstname, lastname, year, gender, coursecode, profile_pic) VALUES ('2024-0065', 'Angela', 'Williams', 'BSCE', '1st Year', 'Male', '');
INSERT INTO student (id, firstname, lastname, year, gender, coursecode, profile_pic) VALUES ('2024-0066', 'Sarah', 'Walker', 'BSPHY', '1st Year', 'Male', '');
INSERT INTO student (id, firstname, lastname, year, gender, coursecode, profile_pic) VALUES ('2024-0067', 'Dorothy', 'Jones', 'BSBA', '1st Year', 'Female', '');
INSERT INTO student (id, firstname, lastname, year, gender, coursecode, profile_pic) VALUES ('2024-0068', 'Justin', 'Smith', 'ABPS', '3rd Year', 'Female', '');
INSERT INTO student (id, firstname, lastname, year, gender, coursecode, profile_pic) VALUES ('2024-0069', 'George', 'Jones', 'ABPS', '3rd Year', 'Male', '');
INSERT INTO student (id, firstname, lastname, year, gender, coursecode, profile_pic) VALUES ('2024-0070', 'Anna', 'Green', 'BSIT', '4th Year', 'Male', '');
INSERT INTO student (id, firstname, lastname, year, gender, coursecode, profile_pic) VALUES ('2024-0071', 'Raymond', 'Jackson', 'BSIE', '4th Year', 'Female', '');
INSERT INTO student (id, firstname, lastname, year, gender, coursecode, profile_pic) VALUES ('2024-0072', 'Ronald', 'Cruz', 'BSIT', '4th Year', 'Female', '');
INSERT INTO student (id, firstname, lastname, year, gender, coursecode, profile_pic) VALUES ('2024-0073', 'Pamela', 'Sanchez', 'ABPS', '2nd Year', 'Female', '');
INSERT INTO student (id, firstname, lastname, year, gender, coursecode, profile_pic) VALUES ('2024-0074', 'Michael', 'Young', 'BSIT', '3rd Year', 'Female', '');
INSERT INTO student (id, firstname, lastname, year, gender, coursecode, profile_pic) VALUES ('2024-0075', 'Donna', 'Jackson', 'BSED', '1st Year', 'Male', '');
INSERT INTO student (id, firstname, lastname, year, gender, coursecode, profile_pic) VALUES ('2024-0076', 'Kenneth', 'King', 'BSN', '3rd Year', 'Male', '');
INSERT INTO student (id, firstname, lastname, year, gender, coursecode, profile_pic) VALUES ('2025-0001', 'Amanda', 'Taylor', 'BSED', '5th Year', 'Female', '');
INSERT INTO student (id, firstname, lastname, year, gender, coursecode, profile_pic) VALUES ('2025-0002', 'Cynthia', 'Garcia', 'BSPHY', '3rd Year', 'Female', '');
INSERT INTO student (id, firstname, lastname, year, gender, coursecode, profile_pic) VALUES ('2025-0003', 'Steven', 'Young', 'BSED', '3rd Year', 'Male', '');
INSERT INTO student (id, firstname, lastname, year, gender, coursecode, profile_pic) VALUES ('2025-0004', 'George', 'Rodriguez', 'BSMarE', '2nd Year', 'Male', '');
INSERT INTO student (id, firstname, lastname, year, gender, coursecode, profile_pic) VALUES ('2025-0005', 'Edward', 'Stewart', 'BSMarE', '1st Year', 'Male', '');
INSERT INTO student (id, firstname, lastname, year, gender, coursecode, profile_pic) VALUES ('2025-0006', 'Matthew', 'Thompson', 'BSMT-MAR', '4th Year', 'Female', '');
INSERT INTO student (id, firstname, lastname, year, gender, coursecode, profile_pic) VALUES ('2025-0007', 'Nancy', 'Moore', 'BSCS', '3rd Year', 'Male', '');
INSERT INTO student (id, firstname, lastname, year, gender, coursecode, profile_pic) VALUES ('2025-0008', 'Alexander', 'Lopez', 'BSME', '5th Year', 'Female', '');
INSERT INTO student (id, firstname, lastname, year, gender, coursecode, profile_pic) VALUES ('2025-0009', 'Kathleen', 'Cooper', 'BSN', '3rd Year', 'Female', '');
INSERT INTO student (id, firstname, lastname, year, gender, coursecode, profile_pic) VALUES ('2025-0010', 'Rebecca', 'Murphy', 'BSCPE', '1st Year', 'Female', '');
INSERT INTO student (id, firstname, lastname, year, gender, coursecode, profile_pic) VALUES ('2025-0011', 'Debra', 'Cox', 'BSCE', '5th Year', 'Male', '');
INSERT INTO student (id, firstname, lastname, year, gender, coursecode, profile_pic) VALUES ('2025-0012', 'George', 'Carter', 'BSIE', '1st Year', 'Female', '');
INSERT INTO student (id, firstname, lastname, year, gender, coursecode, profile_pic) VALUES ('2025-0013', 'Andrew', 'Allen', 'BSCPE', '1st Year', 'Female', '');
INSERT INTO student (id, firstname, lastname, year, gender, coursecode, profile_pic) VALUES ('2025-0014', 'Edward', 'Bailey', 'BSMT-MAR', '4th Year', 'Female', '');
INSERT INTO student (id, firstname, lastname, year, gender, coursecode, profile_pic) VALUES ('2025-0015', 'Patricia', 'Hill', 'BSMT', '3rd Year', 'Male', '');
INSERT INTO student (id, firstname, lastname, year, gender, coursecode, profile_pic) VALUES ('2025-0016', 'Emily', 'Lewis', 'BSMATH', '5th Year', 'Female', '');
INSERT INTO student (id, firstname, lastname, year, gender, coursecode, profile_pic) VALUES ('2025-0017', 'Samantha', 'Jones', 'ABPS', '3rd Year', 'Female', '');
INSERT INTO student (id, firstname, lastname, year, gender, coursecode, profile_pic) VALUES ('2025-0018', 'Christine', 'Davis', 'BSPHY', '4th Year', 'Male', '');
INSERT INTO student (id, firstname, lastname, year, gender, coursecode, profile_pic) VALUES ('2025-0019', 'Lisa', 'Kim', 'BSDA', '4th Year', 'Female', '');
INSERT INTO student (id, firstname, lastname, year, gender, coursecode, profile_pic) VALUES ('2025-0020', 'Emily', 'Walker', 'BSIS', '3rd Year', 'Female', '');
INSERT INTO student (id, firstname, lastname, year, gender, coursecode, profile_pic) VALUES ('2025-0021', 'Tyler', 'Torres', 'BSAG', '2nd Year', 'Female', '');
INSERT INTO student (id, firstname, lastname, year, gender, coursecode, profile_pic) VALUES ('2025-0022', 'Tyler', 'Peterson', 'BSAG', '2nd Year', 'Male', '');
INSERT INTO student (id, firstname, lastname, year, gender, coursecode, profile_pic) VALUES ('2025-0023', 'Lisa', 'Ramirez', 'BSDA', '2nd Year', 'Female', '');
INSERT INTO student (id, firstname, lastname, year, gender, coursecode, profile_pic) VALUES ('2025-0024', 'Pamela', 'Adams', 'BSEE', '5th Year', 'Male', '');
INSERT INTO student (id, firstname, lastname, year, gender, coursecode, profile_pic) VALUES ('2025-0025', 'Stephanie', 'Rodriguez', 'BSIT', '3rd Year', 'Female', '');
INSERT INTO student (id, firstname, lastname, year, gender, coursecode, profile_pic) VALUES ('2025-0026', 'Cynthia', 'Rivera', 'BSEE', '4th Year', 'Female', '');
INSERT INTO student (id, firstname, lastname, year, gender, coursecode, profile_pic) VALUES ('2025-0027', 'Jeffrey', 'Ramos', 'ABPS', '4th Year', 'Male', '');
INSERT INTO student (id, firstname, lastname, year, gender, coursecode, profile_pic) VALUES ('2025-0028', 'Donna', 'Jackson', 'BSPHY', '2nd Year', 'Male', '');
INSERT INTO student (id, firstname, lastname, year, gender, coursecode, profile_pic) VALUES ('2025-0029', 'Jacob', 'Thompson', 'BSMarE', '3rd Year', 'Female', '');
INSERT INTO student (id, firstname, lastname, year, gender, coursecode, profile_pic) VALUES ('2025-0030', 'Melissa', 'Taylor', 'BSPHY', '5th Year', 'Female', '');
INSERT INTO student (id, firstname, lastname, year, gender, coursecode, profile_pic) VALUES ('2025-0031', 'Samantha', 'Peterson', 'BSBA', '3rd Year', 'Female', '');
INSERT INTO student (id, firstname, lastname, year, gender, coursecode, profile_pic) VALUES ('2025-0032', 'George', 'Jackson', 'BSPHY', '5th Year', 'Male', '');
INSERT INTO student (id, firstname, lastname, year, gender, coursecode, profile_pic) VALUES ('2025-0033', 'Jack', 'Collins', 'BSFOR', '4th Year', 'Female', '');
INSERT INTO student (id, firstname, lastname, year, gender, coursecode, profile_pic) VALUES ('2025-0034', 'David', 'Johnson', 'LLB', '5th Year', 'Female', '');
INSERT INTO student (id, firstname, lastname, year, gender, coursecode, profile_pic) VALUES ('2025-0035', 'Amy', 'Baker', 'BSIS', '5th Year', 'Male', '');
INSERT INTO student (id, firstname, lastname, year, gender, coursecode, profile_pic) VALUES ('2025-0036', 'Jeffrey', 'Murphy', 'BSAC', '2nd Year', 'Female', '');
INSERT INTO student (id, firstname, lastname, year, gender, coursecode, profile_pic) VALUES ('2025-0037', 'Joseph', 'Nguyen', 'BSBA', '3rd Year', 'Female', '');
INSERT INTO student (id, firstname, lastname, year, gender, coursecode, profile_pic) VALUES ('2025-0038', 'Susan', 'Harris', 'ABPS', '4th Year', 'Male', '');
INSERT INTO student (id, firstname, lastname, year, gender, coursecode, profile_pic) VALUES ('2025-0039', 'Aaron', 'Hill', 'BPED', '3rd Year', 'Male', '');
INSERT INTO student (id, firstname, lastname, year, gender, coursecode, profile_pic) VALUES ('2025-0040', 'Raymond', 'Clark', 'BEED', '1st Year', 'Female', '');
INSERT INTO student (id, firstname, lastname, year, gender, coursecode, profile_pic) VALUES ('2025-0041', 'Ronald', 'Morris', 'BSMATH', '5th Year', 'Male', '');
INSERT INTO student (id, firstname, lastname, year, gender, coursecode, profile_pic) VALUES ('2025-0042', 'Emily', 'Allen', 'BSMT-MAR', '3rd Year', 'Female', '');
INSERT INTO student (id, firstname, lastname, year, gender, coursecode, profile_pic) VALUES ('2025-0043', 'Edward', 'Harris', 'BSMATH', '3rd Year', 'Male', '');
INSERT INTO student (id, firstname, lastname, year, gender, coursecode, profile_pic) VALUES ('2025-0044', 'Matthew', 'Wright', 'BSIT', '4th Year', 'Female', '');
INSERT INTO student (id, firstname, lastname, year, gender, coursecode, profile_pic) VALUES ('2025-0045', 'Patrick', 'Flores', 'BSAC', '2nd Year', 'Male', '');
INSERT INTO student (id, firstname, lastname, year, gender, coursecode, profile_pic) VALUES ('2025-0046', 'Stephen', 'Peterson', 'BSBA', '1st Year', 'Male', '');
INSERT INTO student (id, firstname, lastname, year, gender, coursecode, profile_pic) VALUES ('2025-0047', 'Sharon', 'Young', 'BSFOR', '4th Year', 'Male', '');
INSERT INTO student (id, firstname, lastname, year, gender, coursecode, profile_pic) VALUES ('2025-0048', 'Scott', 'Morris', 'BSME', '4th Year', 'Female', '');
INSERT INTO student (id, firstname, lastname, year, gender, coursecode, profile_pic) VALUES ('2025-0049', 'Andrew', 'Anderson', 'BSMA', '5th Year', 'Female', '');
INSERT INTO student (id, firstname, lastname, year, gender, coursecode, profile_pic) VALUES ('2025-0050', 'Samantha', 'Harris', 'BSIE', '3rd Year', 'Female', '');
INSERT INTO student (id, firstname, lastname, year, gender, coursecode, profile_pic) VALUES ('2025-0051', 'Melissa', 'Adams', 'BSCE', '1st Year', 'Female', '');
INSERT INTO student (id, firstname, lastname, year, gender, coursecode, profile_pic) VALUES ('2025-0052', 'Anna', 'Morales', 'BSCS', '2nd Year', 'Female', '');
INSERT INTO student (id, firstname, lastname, year, gender, coursecode, profile_pic) VALUES ('2025-0053', 'George', 'Peterson', 'BSBA', '4th Year', 'Male', '');
INSERT INTO student (id, firstname, lastname, year, gender, coursecode, profile_pic) VALUES ('2025-0054', 'Elizabeth', 'Harris', 'BSME', '1st Year', 'Male', '');
INSERT INTO student (id, firstname, lastname, year, gender, coursecode, profile_pic) VALUES ('2025-0055', 'Donna', 'Anderson', 'BSCS', '2nd Year', 'Male', '');
INSERT INTO student (id, firstname, lastname, year, gender, coursecode, profile_pic) VALUES ('2025-0056', 'Cynthia', 'Rivera', 'BSEE', '2nd Year', 'Female', '');
INSERT INTO student (id, firstname, lastname, year, gender, coursecode, profile_pic) VALUES ('2025-0057', 'Rachel', 'Davis', 'LLB', '3rd Year', 'Male', '');
INSERT INTO student (id, firstname, lastname, year, gender, coursecode, profile_pic) VALUES ('2025-0058', 'Alexander', 'Cruz', 'BSFOR', '4th Year', 'Male', '');
INSERT INTO student (id, firstname, lastname, year, gender, coursecode, profile_pic) VALUES ('2025-0059', 'Brandon', 'Young', 'BSBIO', '4th Year', 'Male', '');
INSERT INTO student (id, firstname, lastname, year, gender, coursecode, profile_pic) VALUES ('2025-0060', 'Samuel', 'Scott', 'BSBA', '5th Year', 'Male', '');
INSERT INTO student (id, firstname, lastname, year, gender, coursecode, profile_pic) VALUES ('2025-0061', 'Christine', 'Richardson', 'BSIE', '5th Year', 'Male', '');
INSERT INTO student (id, firstname, lastname, year, gender, coursecode, profile_pic) VALUES ('2025-0062', 'Mary', 'Brown', 'BSPHY', '3rd Year', 'Female', '');
INSERT INTO student (id, firstname, lastname, year, gender, coursecode, profile_pic) VALUES ('2025-0063', 'Richard', 'Wilson', 'BSMA', '1st Year', 'Female', '');
INSERT INTO student (id, firstname, lastname, year, gender, coursecode, profile_pic) VALUES ('2025-0064', 'Rebecca', 'Gomez', 'BSMarE', '1st Year', 'Female', '');
INSERT INTO student (id, firstname, lastname, year, gender, coursecode, profile_pic) VALUES ('2025-0065', 'Anthony', 'Allen', 'BSMATH', '2nd Year', 'Male', '');
INSERT INTO student (id, firstname, lastname, year, gender, coursecode, profile_pic) VALUES ('2025-0066', 'Shirley', 'Kim', 'BSN', '5th Year', 'Male', '');
INSERT INTO student (id, firstname, lastname, year, gender, coursecode, profile_pic) VALUES ('2025-0067', 'William', 'White', 'BSMATH', '5th Year', 'Male', '');
INSERT INTO student (id, firstname, lastname, year, gender, coursecode, profile_pic) VALUES ('2025-0068', 'Dennis', 'Howard', 'BSME', '5th Year', 'Male', '');
INSERT INTO student (id, firstname, lastname, year, gender, coursecode, profile_pic) VALUES ('2025-0069', 'Dennis', 'Wright', 'BSED', '4th Year', 'Male', '');
INSERT INTO student (id, firstname, lastname, year, gender, coursecode, profile_pic) VALUES ('2025-0070', 'Samuel', 'Cruz', 'BSBIO', '5th Year', 'Male', '');
INSERT INTO student (id, firstname, lastname, year, gender, coursecode, profile_pic) VALUES ('2025-0071', 'George Christopher', 'Daguman', 'BSCS', '4th Year', 'Male', 'http://res.cloudinary.com/dmed8jwoe/image/upload/v1765044024/dimzqvw3iyovdnamsc0w.jpg');
INSERT INTO student (id, firstname, lastname, year, gender, coursecode, profile_pic) VALUES ('2025-0072', 'Kal''ar', 'Dag-uman', 'LLB', '5th Year', 'Male', '');
INSERT INTO student (id, firstname, lastname, year, gender, coursecode, profile_pic) VALUES ('2025-0074', 'Sample', 'Postman-Edit', 'BSED', '5th Year', 'Male', '');
INSERT INTO student (id, firstname, lastname, year, gender, coursecode, profile_pic) VALUES ('2025-0075', 'Sim', 'Cse', 'BSCS', '2nd Year', 'Male', 'http://res.cloudinary.com/dmed8jwoe/image/upload/v1765164437/odo6olhuco8xpelwii6u.png');
